<?xml version="1.0" encoding="UTF-8" ?>

<!DOCTYPE mapper PUBLIC "-//mybatis.org//DTO Mapper 3.0//EN" "http://mybatis.org/dtd/mybatis-3-mapper.dtd">

<mapper namespace="com.btc.thewayhome.user.board.comment.ICommentDaoMapper">

    <!--댓글 - 작성-->
    <insert id="insertReviewComment" parameterType="com.btc.thewayhome.user.board.comment.CommentDto">
        INSERT INTO
            tbl_board_comment(b_type, b_no, u_m_id, b_c_content, b_c_reg_date)
        VALUES
            (#{b_type}, #{b_no}, #{u_m_id}, #{b_c_content}, NOW())
    </insert>

    <!--댓글 - 전체 리스트-->
    <select id="selectCommentAllForReview" resultType="hashMap">
        SELECT
            *
        FROM
            tbl_board_comment
        WHERE
            b_type = "3"
        AND
            b_no =#{b_no}
        ORDER BY b_c_no desc
    </select>

    <delete id="deleteCommentCNoForReview" parameterType="Integer">
        DELETE FROM
            tbl_board_comment
        WHERE
            b_c_no = #{b_c_no}
    </delete>


    <!--댓글 - 작성-->
    <insert id="insertFreeBoardComment" parameterType="com.btc.thewayhome.user.board.comment.CommentDto">
        INSERT INTO
            tbl_board_comment(b_type, b_no, u_m_id, b_c_content, b_c_reg_date)
        VALUES
            (#{b_type}, #{b_no}, #{u_m_id}, #{b_c_content}, NOW())
    </insert>

    <!--댓글 - 전체 리스트-->
    <select id="selectCommentAllForFreeBoard" resultType="hashMap">
        SELECT
            *
        FROM
            tbl_board_comment
        WHERE
            (
            b_type = "1"
        OR
            b_type = "2"
            )

        AND
            b_no =#{b_no}
        ORDER BY b_c_no desc
    </select>


    <delete id="deleteCommentCNoForFreeBoard" parameterType="Integer">
        DELETE FROM
            tbl_board_comment
        WHERE
            b_c_no = #{b_c_no}
    </delete>

</mapper>