<?xml version="1.0" encoding="UTF-8" ?>

<!DOCTYPE mapper PUBLIC "-//mybatis.org//DTO Mapper 3.0//EN" "http://mybatis.org/dtd/mybatis-3-mapper.dtd">

<mapper namespace="com.btc.thewayhome.user.board.review.IReviewBoardUserDaoMapper">

    <!--후기 게시판 - 작성-->
    <insert id="insertWriteReview" parameterType="com.btc.thewayhome.user.board.review.ReviewBoardUserDto">
        INSERT INTO
            tbl_review_board(u_m_id, r_b_image, r_b_title, r_b_content, r_b_reg_date, r_b_mod_date)
        VALUES
            (#{u_m_id}, #{r_b_image}, #{r_b_title}, #{r_b_content}, NOW(), NOW())
    </insert>

    <!--후기 게시판 - 상세보기 + 수정-->
    <select id="selectReviewForBNo" parameterType="com.btc.thewayhome.user.board.review.ReviewBoardUserDto" resultType="com.btc.thewayhome.user.board.review.ReviewBoardUserDto">
        SELECT
            *
        FROM
            tbl_review_board
        WHERE
            r_b_no = #{r_b_no}
    </select>

    <!--후기 게시판 - 전체 리스트-->
    <select id="selectReviewAll" resultType="hashmap">
        SELECT
            *
        FROM
            tbl_review_board
        WHERE
            use_yn = "Y"
        ORDER BY
            r_b_no DESC
            LIMIT
                #{skip}, #{amount}
    </select>

    <!--후기 게시판 - 게시글 개수-->
    <select id="getTotalCnt" resultType="Integer">
        SELECT
            COUNT(*)
        FROM
            tbl_review_board
        WHERE
            use_yn = "Y"
    </select>

    <!--후기 게시판 - 조회수-->
    <update id="updateHits" parameterType="Integer">
        UPDATE
            tbl_review_board
        SET
            r_b_hits = r_b_hits + 1
        WHERE
            r_b_no = #{r_b_no} AND use_yn = "Y"
    </update>

    <!--후기 게시판 - 수정-->
    <update id="updateReviewboard" parameterType="com.btc.thewayhome.user.board.review.ReviewBoardUserDto" >
        UPDATE
            tbl_review_board
        SET
            r_b_title = #{r_b_title},
            r_b_content = #{r_b_content},
            r_b_mod_date = NOW()
        WHERE
            r_b_no = #{r_b_no}
    </update>

    <!--후기 게시판 - 삭제-->
    <update id="reviewUseNForBNo" parameterType="Integer">
        UPDATE
            tbl_review_board
        SET
            use_yn = "N"
        WHERE
            r_b_no = #{r_b_no}
    </update>

</mapper>